iter	RMSE
0	2.885327874
1	2.822820099
2	2.764194125
3	2.709451353
4	2.659992528
5	2.613762961
6	2.569620565
7	2.52903328
8	2.490584984
9	2.455354934
10	2.423551519
